index,unti1_rgb,unit1_bbox,unit1_centers,unit1_beam_index,num_objects
1,./unit1/camera_data/image_BS1_87_00_40_01.jpg,"[[307, 288, 434, 338]]","[0.3859375, 0.5796296296296296, 0.13229166666666667, 0.09259259259259259]",21,1
2,./unit1/camera_data/image_BS1_489_01_43_31.jpg,"[[176, 290, 285, 334]]","[0.24010416666666667, 0.5777777777777777, 0.11354166666666667, 0.08148148148148149]",11,1
4,./unit1/camera_data/image_BS1_245_00_50_01.jpg,"[[641, 276, 930, 376]]","[0.8182291666666667, 0.6037037037037037, 0.30104166666666665, 0.18518518518518517]",51,1
5,./unit1/camera_data/image_BS1_855_02_11_50.jpg,"[[856, 293, 960, 391]]","[0.9458333333333333, 0.6333333333333333, 0.10833333333333334, 0.1814814814814815]",62,1
6,./unit1/camera_data/image_BS1_606_01_52_15.jpg,"[[237, 302, 424, 371]]","[0.34427083333333336, 0.6231481481481481, 0.19479166666666667, 0.12777777777777777]",20,1
7,./unit1/camera_data/image_BS1_335_00_56_04.jpg,"[[536, 284, 698, 341]]","[0.6427083333333333, 0.5787037037037037, 0.16875, 0.10555555555555556]",39,1
9,./unit1/camera_data/image_BS1_420_01_00_26.jpg,"[[748, 294, 960, 397]]","[0.8895833333333333, 0.6398148148148148, 0.22083333333333333, 0.19074074074074074]",57,1
10,./unit1/camera_data/image_BS1_871_02_13_27.jpg,"[[57, 296, 197, 351]]","[0.13229166666666667, 0.5990740740740741, 0.14583333333333334, 0.10185185185185185]",9,1
12,./unit1/camera_data/image_BS1_699_01_59_18.jpg,"[[673, 281, 862, 339]]","[0.7994791666666666, 0.5740740740740741, 0.196875, 0.10740740740740741]",50,1
13,./unit1/camera_data/image_BS1_767_02_04_06.jpg,"[[787, 277, 960, 341]]","[0.9098958333333333, 0.5722222222222222, 0.18020833333333333, 0.11851851851851852]",57,1
14,./unit1/camera_data/image_BS1_369_00_57_45.jpg,"[[178, 287, 296, 336]]","[0.246875, 0.5768518518518518, 0.12291666666666666, 0.09074074074074075]",12,1
15,./unit1/camera_data/image_BS1_366_00_57_45.jpg,"[[262, 288, 384, 335]]","[0.33645833333333336, 0.5768518518518518, 0.12708333333333333, 0.08703703703703704]",17,1
16,./unit1/camera_data/image_BS1_585_01_50_42.jpg,"[[423, 302, 662, 389]]","[0.5651041666666666, 0.6398148148148148, 0.24895833333333334, 0.16111111111111112]",34,1
17,./unit1/camera_data/image_BS1_497_01_44_43.jpg,"[[3, 297, 120, 350]]","[0.0640625, 0.5990740740740741, 0.121875, 0.09814814814814815]",4,1
18,./unit1/camera_data/image_BS1_639_01_54_22.jpg,"[[620, 283, 803, 338]]","[0.7411458333333333, 0.575, 0.190625, 0.10185185185185185]",45,1
19,./unit1/camera_data/image_BS1_466_01_42_00.jpg,"[[31, 296, 120, 332]]","[0.07864583333333333, 0.5814814814814815, 0.09270833333333334, 0.06666666666666667]",4,1
20,./unit1/camera_data/image_BS1_903_02_14_53.jpg,"[[630, 278, 923, 367]]","[0.8088541666666667, 0.5972222222222222, 0.30520833333333336, 0.1648148148148148]",52,1
21,./unit1/camera_data/image_BS1_88_00_40_01.jpg,"[[272, 287, 399, 336]]","[0.3494791666666667, 0.5768518518518518, 0.13229166666666667, 0.09074074074074075]",18,1
22,./unit1/camera_data/image_BS1_622_01_52_49.jpg,"[[128, 295, 229, 334]]","[0.1859375, 0.5824074074074074, 0.10520833333333333, 0.07222222222222222]",10,1
23,./unit1/camera_data/image_BS1_330_00_56_03.jpg,"[[846, 272, 960, 341]]","[0.940625, 0.5675925925925925, 0.11875, 0.12777777777777777]",60,1
24,./unit1/camera_data/image_BS1_683_01_57_42.jpg,"[[210, 290, 322, 334]]","[0.27708333333333335, 0.5777777777777777, 0.11666666666666667, 0.08148148148148149]",10,1
25,./unit1/camera_data/image_BS1_851_02_11_49.jpg,"[[157, 298, 316, 356]]","[0.24635416666666668, 0.6055555555555555, 0.165625, 0.10740740740740741]",15,1
26,./unit1/camera_data/image_BS1_865_02_12_21.jpg,"[[124, 293, 225, 335]]","[0.18177083333333333, 0.5814814814814815, 0.10520833333333333, 0.07777777777777778]",8,1
28,./unit1/camera_data/image_BS1_739_02_02_29.jpg,"[[815, 273, 960, 346]]","[0.9244791666666666, 0.5731481481481482, 0.15104166666666666, 0.13518518518518519]",59,1
29,./unit1/camera_data/image_BS1_381_00_58_47.jpg,"[[24, 296, 146, 351]]","[0.08854166666666667, 0.5990740740740741, 0.12708333333333333, 0.10185185185185185]",6,1
30,./unit1/camera_data/image_BS1_693_01_58_48.jpg,"[[45, 298, 181, 352]]","[0.11770833333333333, 0.6018518518518519, 0.14166666666666666, 0.1]",8,1
31,./unit1/camera_data/image_BS1_582_01_50_41.jpg,"[[213, 306, 391, 375]]","[0.3145833333333333, 0.6305555555555555, 0.18541666666666667, 0.12777777777777777]",18,1
34,./unit1/camera_data/image_BS1_652_01_55_22.jpg,"[[5, 297, 126, 350]]","[0.06822916666666666, 0.5990740740740741, 0.12604166666666666, 0.09814814814814815]",5,1
35,./unit1/camera_data/image_BS1_589_01_51_15.jpg,"[[404, 287, 550, 338]]","[0.496875, 0.5787037037037037, 0.15208333333333332, 0.09444444444444444]",28,1
36,./unit1/camera_data/image_BS1_610_01_52_15.jpg,"[[541, 298, 809, 388]]","[0.703125, 0.6351851851851852, 0.2791666666666667, 0.16666666666666666]",42,1
37,./unit1/camera_data/image_BS1_246_00_50_01.jpg,"[[809, 295, 960, 398]]","[0.9213541666666667, 0.6416666666666667, 0.15729166666666666, 0.19074074074074074]",60,1
38,./unit1/camera_data/image_BS1_577_01_50_40.jpg,"[[1, 299, 93, 353]]","[0.04895833333333333, 0.6037037037037037, 0.09583333333333334, 0.1]",3,1
39,./unit1/camera_data/image_BS1_40_00_37_07.jpg,"[[203, 291, 322, 337]]","[0.2734375, 0.5814814814814815, 0.12395833333333334, 0.08518518518518518]",17,1
41,./unit1/camera_data/image_BS1_189_00_45_54.jpg,"[[618, 265, 921, 382]]","[0.8015625, 0.5990740740740741, 0.315625, 0.21666666666666667]",6,1
43,./unit1/camera_data/image_BS1_522_01_46_15.jpg,"[[637, 275, 924, 373]]","[0.8130208333333333, 0.6, 0.2989583333333333, 0.1814814814814815]",52,1
44,./unit1/camera_data/image_BS1_31_00_37_06.jpg,"[[334, 289, 469, 341]]","[0.41822916666666665, 0.5833333333333334, 0.140625, 0.0962962962962963]",25,1
46,./unit1/camera_data/image_BS1_241_00_50_00.jpg,"[[323, 304, 525, 379]]","[0.44166666666666665, 0.6324074074074074, 0.21041666666666667, 0.1388888888888889]",26,1
47,./unit1/camera_data/image_BS1_160_00_44_25.jpg,"[[727, 286, 960, 359]]","[0.8786458333333333, 0.5972222222222222, 0.24270833333333333, 0.13518518518518519]",54,1
49,./unit1/camera_data/image_BS1_504_01_44_44.jpg,"[[864, 279, 956, 376]]","[0.9479166666666666, 0.6064814814814815, 0.09583333333333334, 0.17962962962962964]",62,1
52,./unit1/camera_data/image_BS1_661_01_55_57.jpg,"[[127, 295, 230, 335]]","[0.1859375, 0.5833333333333334, 0.10729166666666666, 0.07407407407407407]",10,1
53,./unit1/camera_data/image_BS1_299_00_54_08.jpg,"[[320, 258, 601, 361]]","[0.4796875, 0.5731481481481482, 0.29270833333333335, 0.19074074074074074]",25,1
54,./unit1/camera_data/image_BS1_809_02_07_23.jpg,"[[468, 285, 628, 337]]","[0.5708333333333333, 0.575925925925926, 0.16666666666666666, 0.0962962962962963]",34,1
55,./unit1/camera_data/image_BS1_479_01_43_02.jpg,"[[498, 299, 758, 389]]","[0.6541666666666667, 0.6370370370370371, 0.2708333333333333, 0.16666666666666666]",42,1
56,./unit1/camera_data/image_BS1_731_02_00_49.jpg,"[[51, 297, 147, 332]]","[0.103125, 0.5824074074074074, 0.1, 0.06481481481481481]",7,1
57,./unit1/camera_data/image_BS1_24_00_37_05.jpg,"[[438, 285, 604, 343]]","[0.5427083333333333, 0.5814814814814815, 0.17291666666666666, 0.10740740740740741]",34,1
58,./unit1/camera_data/image_BS1_243_00_50_01.jpg,"[[510, 296, 773, 392]]","[0.6682291666666667, 0.6370370370370371, 0.27395833333333336, 0.17777777777777778]",40,1
59,./unit1/camera_data/image_BS1_229_00_49_01.jpg,"[[276, 289, 406, 339]]","[0.35520833333333335, 0.5814814814814815, 0.13541666666666666, 0.09259259259259259]",19,1
60,./unit1/camera_data/image_BS1_796_02_06_49.jpg,"[[0, 300, 93, 359]]","[0.0484375, 0.6101851851851852, 0.096875, 0.10925925925925926]",3,1
61,./unit1/camera_data/image_BS1_131_00_42_38.jpg,"[[162, 290, 265, 333]]","[0.22239583333333332, 0.5768518518518518, 0.10729166666666666, 0.07962962962962963]",12,1
62,./unit1/camera_data/image_BS1_438_01_01_02.jpg,"[[199, 288, 312, 333]]","[0.26614583333333336, 0.575, 0.11770833333333333, 0.08333333333333333]",14,1
63,./unit1/camera_data/image_BS1_260_00_50_50.jpg,"[[205, 292, 317, 335]]","[0.271875, 0.5805555555555556, 0.11666666666666667, 0.07962962962962963]",14,1
65,./unit1/camera_data/image_BS1_761_02_03_31.jpg,"[[338, 301, 540, 375]]","[0.45729166666666665, 0.6259259259259259, 0.21041666666666667, 0.13703703703703704]",28,1
66,./unit1/camera_data/image_BS1_107_00_41_01.jpg,"[[98, 298, 234, 355]]","[0.17291666666666666, 0.6046296296296296, 0.14166666666666666, 0.10555555555555556]",10,1
68,./unit1/camera_data/image_BS1_816_02_07_25.jpg,"[[29, 296, 122, 331]]","[0.07864583333333333, 0.5805555555555556, 0.096875, 0.06481481481481481]",4,1
69,./unit1/camera_data/image_BS1_604_01_52_14.jpg,"[[123, 298, 277, 360]]","[0.20833333333333334, 0.6092592592592593, 0.16041666666666668, 0.11481481481481481]",14,1
70,./unit1/camera_data/image_BS1_347_00_56_05.jpg,"[[114, 291, 209, 332]]","[0.16822916666666668, 0.5768518518518518, 0.09895833333333333, 0.07592592592592592]",11,1
72,./unit1/camera_data/image_BS1_130_00_42_38.jpg,"[[197, 289, 313, 333]]","[0.265625, 0.575925925925926, 0.12083333333333333, 0.08148148148148149]",14,1
74,./unit1/camera_data/image_BS1_898_02_14_52.jpg,"[[30, 297, 175, 349]]","[0.10677083333333333, 0.5981481481481481, 0.15104166666666666, 0.0962962962962963]",8,1
76,./unit1/camera_data/image_BS1_84_00_40_00.jpg,"[[441, 284, 596, 337]]","[0.5401041666666667, 0.575, 0.16145833333333334, 0.09814814814814815]",33,1
77,./unit1/camera_data/image_BS1_621_01_52_49.jpg,"[[154, 294, 258, 335]]","[0.21458333333333332, 0.5824074074074074, 0.10833333333333334, 0.07592592592592592]",11,1
78,./unit1/camera_data/image_BS1_913_02_15_24.jpg,"[[97, 295, 193, 334]]","[0.15104166666666666, 0.5824074074074074, 0.1, 0.07222222222222222]",8,1
79,./unit1/camera_data/image_BS1_383_00_58_48.jpg,"[[100, 297, 245, 356]]","[0.1796875, 0.6046296296296296, 0.15104166666666666, 0.10925925925925926]",11,1
80,./unit1/camera_data/image_BS1_86_00_40_00.jpg,"[[358, 285, 488, 337]]","[0.440625, 0.575925925925926, 0.13541666666666666, 0.0962962962962963]",26,1
81,./unit1/camera_data/image_BS1_630_01_53_51.jpg,"[[175, 297, 326, 358]]","[0.2609375, 0.6064814814814815, 0.15729166666666666, 0.11296296296296296]",15,1
83,./unit1/camera_data/image_BS1_355_00_57_44.jpg,"[[823, 271, 960, 343]]","[0.9286458333333333, 0.5685185185185185, 0.14270833333333333, 0.13333333333333333]",59,1
85,./unit1/camera_data/image_BS1_641_01_54_22.jpg,"[[419, 288, 561, 336]]","[0.5104166666666666, 0.5777777777777777, 0.14791666666666667, 0.08888888888888889]",32,1
86,./unit1/camera_data/image_BS1_401_00_59_21.jpg,"[[464, 285, 626, 338]]","[0.5677083333333334, 0.5768518518518518, 0.16875, 0.09814814814814815]",34,1
88,./unit1/camera_data/image_BS1_506_01_45_15.jpg,"[[755, 286, 960, 352]]","[0.8932291666666666, 0.5907407407407408, 0.21354166666666666, 0.12222222222222222]",53,1
89,./unit1/camera_data/image_BS1_611_01_52_15.jpg,"[[633, 275, 924, 375]]","[0.8109375, 0.6018518518518519, 0.303125, 0.18518518518518517]",51,1
92,./unit1/camera_data/image_BS1_141_00_43_40.jpg,"[[0, 298, 105, 350]]","[0.0546875, 0.6, 0.109375, 0.0962962962962963]",6,1
93,./unit1/camera_data/image_BS1_882_02_13_56.jpg,"[[665, 279, 863, 335]]","[0.7958333333333333, 0.5685185185185185, 0.20625, 0.1037037037037037]",48,1
99,./unit1/camera_data/image_BS1_841_02_10_38.jpg,"[[220, 289, 333, 334]]","[0.28802083333333334, 0.5768518518518518, 0.11770833333333333, 0.08333333333333333]",15,1
100,./unit1/camera_data/image_BS1_34_00_37_06.jpg,"[[287, 287, 415, 339]]","[0.365625, 0.5796296296296296, 0.13333333333333333, 0.0962962962962963]",20,1
101,./unit1/camera_data/image_BS1_32_00_37_06.jpg,"[[321, 288, 454, 339]]","[0.4036458333333333, 0.5805555555555556, 0.13854166666666667, 0.09444444444444444]",23,1
102,./unit1/camera_data/image_BS1_760_02_03_30.jpg,"[[268, 302, 453, 371]]","[0.37552083333333336, 0.6231481481481481, 0.19270833333333334, 0.12777777777777777]",23,1
103,./unit1/camera_data/image_BS1_776_02_05_11.jpg,"[[0, 298, 127, 351]]","[0.06614583333333333, 0.600925925925926, 0.13229166666666667, 0.09814814814814815]",4,1
104,./unit1/camera_data/image_BS1_422_01_00_59.jpg,"[[855, 271, 960, 339]]","[0.9453125, 0.5648148148148148, 0.109375, 0.1259259259259259]",61,1
106,./unit1/camera_data/image_BS1_280_00_51_49.jpg,"[[486, 299, 725, 382]]","[0.6307291666666667, 0.6305555555555555, 0.24895833333333334, 0.1537037037037037]",39,1
109,./unit1/camera_data/image_BS1_93_00_40_02.jpg,"[[106, 294, 193, 331]]","[0.15572916666666667, 0.5787037037037037, 0.090625, 0.06851851851851852]",8,1
112,./unit1/camera_data/image_BS1_605_01_52_15.jpg,"[[161, 298, 322, 361]]","[0.2515625, 0.6101851851851852, 0.16770833333333332, 0.11666666666666667]",17,1
113,./unit1/camera_data/image_BS1_464_01_42_00.jpg,"[[61, 293, 155, 331]]","[0.1125, 0.5777777777777777, 0.09791666666666667, 0.07037037037037037]",8,1
114,./unit1/camera_data/image_BS1_341_00_56_04.jpg,"[[278, 289, 397, 336]]","[0.3515625, 0.5787037037037037, 0.12395833333333334, 0.08703703703703704]",19,1
115,./unit1/camera_data/image_BS1_207_00_47_26.jpg,"[[527, 284, 694, 343]]","[0.6359375, 0.5805555555555556, 0.17395833333333333, 0.10925925925925926]",39,1
118,./unit1/camera_data/image_BS1_349_00_56_05.jpg,"[[79, 296, 165, 331]]","[0.12708333333333333, 0.5805555555555556, 0.08958333333333333, 0.06481481481481481]",8,1
119,./unit1/camera_data/image_BS1_436_01_01_01.jpg,"[[238, 291, 348, 332]]","[0.30520833333333336, 0.5768518518518518, 0.11458333333333333, 0.07592592592592592]",17,1
121,./unit1/camera_data/image_BS1_730_02_00_49.jpg,"[[124, 293, 224, 334]]","[0.18125, 0.5805555555555556, 0.10416666666666667, 0.07592592592592592]",10,1
123,./unit1/camera_data/image_BS1_733_02_00_49.jpg,"[[4, 297, 92, 332]]","[0.05, 0.5824074074074074, 0.09166666666666666, 0.06481481481481481]",7,1
124,./unit1/camera_data/image_BS1_399_00_59_21.jpg,"[[567, 284, 732, 342]]","[0.6765625, 0.5796296296296296, 0.171875, 0.10740740740740741]",42,1
125,./unit1/camera_data/image_BS1_345_00_56_05.jpg,"[[170, 289, 281, 332]]","[0.23489583333333333, 0.575, 0.115625, 0.07962962962962963]",11,1
126,./unit1/camera_data/image_BS1_873_02_13_27.jpg,"[[213, 297, 378, 354]]","[0.3078125, 0.6027777777777777, 0.171875, 0.10555555555555556]",20,1
128,./unit1/camera_data/image_BS1_6_00_37_02.jpg,"[[796, 286, 960, 359]]","[0.9145833333333333, 0.5972222222222222, 0.17083333333333334, 0.13518518518518519]",59,1
131,./unit1/camera_data/image_BS1_430_01_01_00.jpg,"[[448, 282, 596, 335]]","[0.54375, 0.5712962962962963, 0.15416666666666667, 0.09814814814814815]",33,1
132,./unit1/camera_data/image_BS1_277_00_51_48.jpg,"[[289, 303, 478, 373]]","[0.39947916666666666, 0.6259259259259259, 0.196875, 0.12962962962962962]",23,1
134,./unit1/camera_data/image_BS1_771_02_04_07.jpg,"[[362, 286, 499, 336]]","[0.4484375, 0.575925925925926, 0.14270833333333333, 0.09259259259259259]",25,1
136,./unit1/camera_data/image_BS1_519_01_46_14.jpg,"[[39, 298, 169, 350]]","[0.10833333333333334, 0.6, 0.13541666666666666, 0.0962962962962963]",7,1
137,./unit1/camera_data/image_BS1_881_02_13_55.jpg,"[[771, 285, 960, 348]]","[0.9015625, 0.5861111111111111, 0.196875, 0.11666666666666667]",54,1
139,./unit1/camera_data/image_BS1_105_00_41_01.jpg,"[[31, 298, 157, 352]]","[0.09791666666666667, 0.6018518518518519, 0.13125, 0.1]",8,1
140,./unit1/camera_data/image_BS1_11_00_37_03.jpg,"[[687, 288, 908, 354]]","[0.8307291666666666, 0.5944444444444444, 0.23020833333333332, 0.12222222222222222]",51,1
141,./unit1/camera_data/image_BS1_728_02_00_48.jpg,"[[253, 288, 369, 336]]","[0.32395833333333335, 0.5777777777777777, 0.12083333333333333, 0.08888888888888889]",17,1
142,./unit1/camera_data/image_BS1_410_00_59_22.jpg,"[[125, 290, 222, 333]]","[0.18072916666666666, 0.5768518518518518, 0.10104166666666667, 0.07962962962962963]",10,1
143,./unit1/camera_data/image_BS1_437_01_01_02.jpg,"[[217, 289, 326, 332]]","[0.2828125, 0.575, 0.11354166666666667, 0.07962962962962963]",16,1
147,./unit1/camera_data/image_BS1_30_00_37_05.jpg,"[[349, 286, 488, 340]]","[0.4359375, 0.5796296296296296, 0.14479166666666668, 0.1]",26,1
148,./unit1/camera_data/image_BS1_773_02_04_07.jpg,"[[173, 290, 281, 334]]","[0.23645833333333333, 0.5777777777777777, 0.1125, 0.08148148148148149]",13,1
149,./unit1/camera_data/image_BS1_815_02_07_24.jpg,"[[70, 295, 163, 333]]","[0.12135416666666667, 0.5814814814814815, 0.096875, 0.07037037037037037]",7,1
150,./unit1/camera_data/image_BS1_357_00_57_44.jpg,"[[673, 281, 873, 339]]","[0.8052083333333333, 0.5740740740740741, 0.20833333333333334, 0.10740740740740741]",51,1
151,./unit1/camera_data/image_BS1_388_00_58_48.jpg,"[[372, 303, 579, 376]]","[0.4953125, 0.6287037037037037, 0.215625, 0.13518518518518519]",29,1
153,./unit1/camera_data/image_BS1_694_01_58_48.jpg,"[[143, 298, 297, 359]]","[0.22916666666666666, 0.6083333333333333, 0.16041666666666668, 0.11296296296296296]",14,1
154,./unit1/camera_data/image_BS1_443_01_01_02.jpg,"[[95, 295, 184, 329]]","[0.1453125, 0.5777777777777777, 0.09270833333333334, 0.06296296296296296]",7,1
155,./unit1/camera_data/image_BS1_600_01_51_16.jpg,"[[9, 299, 94, 332]]","[0.05364583333333333, 0.5842592592592593, 0.08854166666666667, 0.06111111111111111]",4,1
156,./unit1/camera_data/image_BS1_615_01_52_47.jpg,"[[706, 290, 924, 351]]","[0.8489583333333334, 0.5935185185185186, 0.22708333333333333, 0.11296296296296296]",51,1
157,./unit1/camera_data/image_BS1_812_02_07_24.jpg,"[[243, 289, 357, 334]]","[0.3125, 0.5768518518518518, 0.11875, 0.08333333333333333]",17,1
158,./unit1/camera_data/image_BS1_418_01_00_25.jpg,"[[298, 302, 502, 377]]","[0.4166666666666667, 0.6287037037037037, 0.2125, 0.1388888888888889]",24,1
159,./unit1/camera_data/image_BS1_579_01_50_41.jpg,"[[28, 302, 177, 358]]","[0.10677083333333333, 0.6111111111111112, 0.15520833333333334, 0.1037037037037037]",8,1
161,./unit1/camera_data/image_BS1_502_01_44_44.jpg,"[[492, 298, 729, 380]]","[0.6359375, 0.6277777777777778, 0.246875, 0.15185185185185185]",39,1
162,./unit1/camera_data/image_BS1_748_02_02_30.jpg,"[[229, 290, 345, 336]]","[0.2989583333333333, 0.5796296296296296, 0.12083333333333333, 0.08518518518518518]",15,1
163,./unit1/camera_data/image_BS1_512_01_45_17.jpg,"[[152, 291, 260, 332]]","[0.21458333333333332, 0.5768518518518518, 0.1125, 0.07592592592592592]",13,1
167,./unit1/camera_data/image_BS1_244_00_50_01.jpg,"[[552, 279, 853, 376]]","[0.7317708333333334, 0.6064814814814815, 0.31354166666666666, 0.17962962962962964]",46,1
168,./unit1/camera_data/image_BS1_298_00_54_08.jpg,"[[313, 276, 594, 380]]","[0.47239583333333335, 0.6074074074074074, 0.29270833333333335, 0.1925925925925926]",26,1
169,./unit1/camera_data/image_BS1_8_00_37_03.jpg,"[[748, 286, 960, 359]]","[0.8895833333333333, 0.5972222222222222, 0.22083333333333333, 0.13518518518518519]",55,1
170,./unit1/camera_data/image_BS1_336_00_56_04.jpg,"[[485, 284, 641, 338]]","[0.5864583333333333, 0.575925925925926, 0.1625, 0.1]",34,1
172,./unit1/camera_data/image_BS1_850_02_11_49.jpg,"[[99, 299, 245, 356]]","[0.17916666666666667, 0.6064814814814815, 0.15208333333333332, 0.10555555555555556]",11,1
173,./unit1/camera_data/image_BS1_122_00_42_37.jpg,"[[570, 283, 746, 338]]","[0.6854166666666667, 0.575, 0.18333333333333332, 0.10185185185185185]",42,1
174,./unit1/camera_data/image_BS1_852_02_11_49.jpg,"[[373, 301, 588, 376]]","[0.5005208333333333, 0.6268518518518519, 0.22395833333333334, 0.1388888888888889]",30,1
175,./unit1/camera_data/image_BS1_593_01_51_15.jpg,"[[224, 288, 337, 336]]","[0.2921875, 0.5777777777777777, 0.11770833333333333, 0.08888888888888889]",14,1
176,./unit1/camera_data/image_BS1_485_01_43_31.jpg,"[[374, 287, 517, 338]]","[0.4640625, 0.5787037037037037, 0.14895833333333333, 0.09444444444444444]",28,1
177,./unit1/camera_data/image_BS1_499_01_44_43.jpg,"[[145, 297, 299, 355]]","[0.23125, 0.6037037037037037, 0.16041666666666668, 0.10740740740740741]",14,1
179,./unit1/camera_data/image_BS1_225_00_49_00.jpg,"[[743, 287, 960, 357]]","[0.8869791666666667, 0.5962962962962963, 0.22604166666666667, 0.12962962962962962]",54,1
180,./unit1/camera_data/image_BS1_517_01_45_18.jpg,"[[7, 298, 89, 332]]","[0.05, 0.5833333333333334, 0.08541666666666667, 0.06296296296296296]",4,1
181,./unit1/camera_data/image_BS1_560_01_49_08.jpg,"[[341, 303, 570, 387]]","[0.4744791666666667, 0.6388888888888888, 0.23854166666666668, 0.15555555555555556]",29,1
182,./unit1/camera_data/image_BS1_488_01_43_31.jpg,"[[202, 290, 313, 335]]","[0.2682291666666667, 0.5787037037037037, 0.115625, 0.08333333333333333]",14,1
183,./unit1/camera_data/image_BS1_825_02_09_03.jpg,"[[162, 293, 268, 334]]","[0.22395833333333334, 0.5805555555555556, 0.11041666666666666, 0.07592592592592592]",11,1
184,./unit1/camera_data/image_BS1_540_01_47_43.jpg,"[[48, 299, 189, 358]]","[0.1234375, 0.6083333333333333, 0.146875, 0.10925925925925926]",9,1
186,./unit1/camera_data/image_BS1_607_01_52_15.jpg,"[[297, 302, 493, 375]]","[0.4114583333333333, 0.6268518518518519, 0.20416666666666666, 0.13518518518518519]",25,1
187,./unit1/camera_data/image_BS1_386_00_58_48.jpg,"[[263, 303, 439, 371]]","[0.365625, 0.6240740740740741, 0.18333333333333332, 0.1259259259259259]",20,1
188,./unit1/camera_data/image_BS1_564_01_49_40.jpg,"[[418, 288, 559, 339]]","[0.5088541666666667, 0.5805555555555556, 0.146875, 0.09444444444444444]",29,1
189,./unit1/camera_data/image_BS1_633_01_53_51.jpg,"[[351, 301, 561, 374]]","[0.475, 0.625, 0.21875, 0.13518518518518519]",28,1
190,./unit1/camera_data/image_BS1_556_01_49_07.jpg,"[[0, 300, 105, 352]]","[0.0546875, 0.6037037037037037, 0.109375, 0.0962962962962963]",4,1
192,./unit1/camera_data/image_BS1_423_01_00_59.jpg,"[[783, 277, 960, 338]]","[0.9078125, 0.5694444444444444, 0.184375, 0.11296296296296296]",57,1
193,./unit1/camera_data/image_BS1_667_01_57_04.jpg,"[[1, 300, 100, 352]]","[0.05260416666666667, 0.6037037037037037, 0.103125, 0.0962962962962963]",4,1
196,./unit1/camera_data/image_BS1_448_01_41_57.jpg,"[[692, 288, 910, 354]]","[0.834375, 0.5944444444444444, 0.22708333333333333, 0.12222222222222222]",51,1
197,./unit1/camera_data/image_BS1_251_00_50_49.jpg,"[[619, 282, 808, 342]]","[0.7432291666666667, 0.5777777777777777, 0.196875, 0.1111111111111111]",47,1
198,./unit1/camera_data/image_BS1_863_02_12_21.jpg,"[[236, 290, 350, 335]]","[0.30520833333333336, 0.5787037037037037, 0.11875, 0.08333333333333333]",16,1
200,./unit1/camera_data/image_BS1_407_00_59_22.jpg,"[[236, 290, 350, 334]]","[0.30520833333333336, 0.5777777777777777, 0.11875, 0.08148148148148149]",17,1
201,./unit1/camera_data/image_BS1_741_02_02_29.jpg,"[[683, 291, 896, 351]]","[0.8223958333333333, 0.5944444444444444, 0.221875, 0.1111111111111111]",51,1
202,./unit1/camera_data/image_BS1_364_00_57_45.jpg,"[[340, 288, 463, 338]]","[0.41822916666666665, 0.5796296296296296, 0.128125, 0.09259259259259259]",23,1
203,./unit1/camera_data/image_BS1_154_00_43_42.jpg,"[[581, 276, 885, 372]]","[0.7635416666666667, 0.6, 0.31666666666666665, 0.17777777777777778]",48,1
204,./unit1/camera_data/image_BS1_483_01_43_30.jpg,"[[591, 283, 770, 341]]","[0.7088541666666667, 0.5777777777777777, 0.18645833333333334, 0.10740740740740741]",42,1
206,./unit1/camera_data/image_BS1_586_01_50_42.jpg,"[[501, 280, 781, 375]]","[0.6677083333333333, 0.6064814814814815, 0.2916666666666667, 0.17592592592592593]",45,1
208,./unit1/camera_data/image_BS1_570_01_49_41.jpg,"[[126, 295, 219, 333]]","[0.1796875, 0.5814814814814815, 0.096875, 0.07037037037037037]",10,1
209,./unit1/camera_data/image_BS1_707_01_59_19.jpg,"[[53, 296, 145, 332]]","[0.103125, 0.5814814814814815, 0.09583333333333334, 0.06666666666666667]",6,1
210,./unit1/camera_data/image_BS1_588_01_51_14.jpg,"[[556, 285, 728, 340]]","[0.66875, 0.5787037037037037, 0.17916666666666667, 0.10185185185185185]",42,1
212,./unit1/camera_data/image_BS1_487_01_43_31.jpg,"[[234, 292, 349, 335]]","[0.30364583333333334, 0.5805555555555556, 0.11979166666666667, 0.07962962962962963]",17,1
213,./unit1/camera_data/image_BS1_237_00_50_00.jpg,"[[97, 298, 245, 360]]","[0.178125, 0.6092592592592593, 0.15416666666666667, 0.11481481481481481]",11,1
214,./unit1/camera_data/image_BS1_651_01_55_22.jpg,"[[0, 299, 93, 348]]","[0.0484375, 0.5990740740740741, 0.096875, 0.09074074074074075]",4,1
215,./unit1/camera_data/image_BS1_646_01_54_23.jpg,"[[212, 289, 322, 333]]","[0.278125, 0.575925925925926, 0.11458333333333333, 0.08148148148148149]",15,1
216,./unit1/camera_data/image_BS1_361_00_57_44.jpg,"[[463, 285, 625, 339]]","[0.5666666666666667, 0.5777777777777777, 0.16875, 0.1]",33,1
217,./unit1/camera_data/image_BS1_387_00_58_48.jpg,"[[301, 301, 497, 374]]","[0.415625, 0.625, 0.20416666666666666, 0.13518518518518519]",25,1
218,./unit1/camera_data/image_BS1_480_01_43_02.jpg,"[[785, 296, 960, 398]]","[0.9088541666666666, 0.6425925925925926, 0.18229166666666666, 0.18888888888888888]",58,1
219,./unit1/camera_data/image_BS1_81_00_40_00.jpg,"[[631, 282, 823, 340]]","[0.7572916666666667, 0.575925925925926, 0.2, 0.10740740740740741]",46,1
221,./unit1/camera_data/image_BS1_743_02_02_30.jpg,"[[446, 283, 600, 339]]","[0.5447916666666667, 0.575925925925926, 0.16041666666666668, 0.1037037037037037]",33,1
222,./unit1/camera_data/image_BS1_673_01_57_05.jpg,"[[468, 300, 721, 388]]","[0.6192708333333333, 0.6370370370370371, 0.2635416666666667, 0.16296296296296298]",38,1
223,./unit1/camera_data/image_BS1_645_01_54_23.jpg,"[[253, 289, 364, 335]]","[0.32135416666666666, 0.5777777777777777, 0.115625, 0.08518518518518518]",16,1
224,./unit1/camera_data/image_BS1_484_01_43_30.jpg,"[[469, 284, 632, 339]]","[0.5734375, 0.5768518518518518, 0.16979166666666667, 0.10185185185185185]",34,1
225,./unit1/camera_data/image_BS1_500_01_44_43.jpg,"[[193, 298, 355, 360]]","[0.28541666666666665, 0.6092592592592593, 0.16875, 0.11481481481481481]",17,1
227,./unit1/camera_data/image_BS1_557_01_49_07.jpg,"[[16, 299, 152, 355]]","[0.0875, 0.6055555555555555, 0.14166666666666666, 0.1037037037037037]",8,1
228,./unit1/camera_data/image_BS1_703_01_59_19.jpg,"[[283, 289, 401, 336]]","[0.35625, 0.5787037037037037, 0.12291666666666666, 0.08703703703703704]",17,1
229,./unit1/camera_data/image_BS1_697_01_58_49.jpg,"[[648, 277, 931, 375]]","[0.8223958333333333, 0.6037037037037037, 0.2947916666666667, 0.1814814814814815]",54,1
230,./unit1/camera_data/image_BS1_823_02_09_02.jpg,"[[575, 283, 754, 336]]","[0.6921875, 0.5731481481481482, 0.18645833333333334, 0.09814814814814815]",42,1
231,./unit1/camera_data/image_BS1_679_01_57_40.jpg,"[[585, 283, 762, 338]]","[0.7015625, 0.575, 0.184375, 0.10185185185185185]",42,1
232,./unit1/camera_data/image_BS1_389_00_58_48.jpg,"[[453, 298, 680, 381]]","[0.5901041666666667, 0.6287037037037037, 0.23645833333333333, 0.1537037037037037]",36,1
234,./unit1/camera_data/image_BS1_111_00_41_02.jpg,"[[296, 302, 493, 373]]","[0.4109375, 0.625, 0.20520833333333333, 0.13148148148148148]",24,1
235,./unit1/camera_data/image_BS1_864_02_12_21.jpg,"[[151, 292, 255, 335]]","[0.21145833333333333, 0.5805555555555556, 0.10833333333333334, 0.07962962962962963]",11,1
237,./unit1/camera_data/image_BS1_511_01_45_17.jpg,"[[230, 290, 340, 334]]","[0.296875, 0.5777777777777777, 0.11458333333333333, 0.08148148148148149]",16,1
238,./unit1/camera_data/image_BS1_563_01_49_39.jpg,"[[461, 286, 625, 340]]","[0.565625, 0.5796296296296296, 0.17083333333333334, 0.1]",34,1
241,./unit1/camera_data/image_BS1_90_00_40_01.jpg,"[[177, 289, 294, 335]]","[0.2453125, 0.5777777777777777, 0.121875, 0.08518518518518518]",13,1
243,./unit1/camera_data/image_BS1_152_00_43_41.jpg,"[[444, 299, 681, 383]]","[0.5859375, 0.6314814814814815, 0.246875, 0.15555555555555556]",36,1
245,./unit1/camera_data/image_BS1_660_01_55_57.jpg,"[[198, 289, 319, 336]]","[0.26927083333333335, 0.5787037037037037, 0.12604166666666666, 0.08703703703703704]",12,1
246,./unit1/camera_data/image_BS1_91_00_40_01.jpg,"[[159, 290, 267, 333]]","[0.221875, 0.5768518518518518, 0.1125, 0.07962962962962963]",11,1
247,./unit1/camera_data/image_BS1_491_01_43_32.jpg,"[[105, 295, 207, 334]]","[0.1625, 0.5824074074074074, 0.10625, 0.07222222222222222]",9,1
249,./unit1/camera_data/image_BS1_453_01_41_58.jpg,"[[436, 284, 597, 342]]","[0.5380208333333333, 0.5796296296296296, 0.16770833333333332, 0.10740740740740741]",33,1
250,./unit1/camera_data/image_BS1_406_00_59_22.jpg,"[[263, 289, 383, 335]]","[0.33645833333333336, 0.5777777777777777, 0.125, 0.08518518518518518]",19,1
251,./unit1/camera_data/image_BS1_617_01_52_48.jpg,"[[444, 284, 593, 339]]","[0.5401041666666667, 0.5768518518518518, 0.15520833333333334, 0.10185185185185185]",33,1
252,./unit1/camera_data/image_BS1_272_00_51_48.jpg,"[[47, 297, 184, 352]]","[0.1203125, 0.600925925925926, 0.14270833333333333, 0.10185185185185185]",6,1
253,./unit1/camera_data/image_BS1_156_00_43_42.jpg,"[[809, 296, 960, 396]]","[0.9213541666666667, 0.6407407407407407, 0.15729166666666666, 0.18518518518518517]",59,1
254,./unit1/camera_data/image_BS1_103_00_41_01.jpg,"[[2, 297, 87, 348]]","[0.04635416666666667, 0.5972222222222222, 0.08854166666666667, 0.09444444444444444]",6,1
257,./unit1/camera_data/image_BS1_29_00_37_05.jpg,"[[364, 287, 508, 341]]","[0.45416666666666666, 0.5814814814814815, 0.15, 0.1]",28,1
258,./unit1/camera_data/image_BS1_729_02_00_48.jpg,"[[165, 293, 271, 334]]","[0.22708333333333333, 0.5805555555555556, 0.11041666666666666, 0.07592592592592592]",12,1
259,./unit1/camera_data/image_BS1_226_00_49_01.jpg,"[[592, 283, 777, 343]]","[0.7130208333333333, 0.5796296296296296, 0.19270833333333334, 0.1111111111111111]",46,1
260,./unit1/camera_data/image_BS1_459_01_41_59.jpg,"[[170, 290, 285, 335]]","[0.23697916666666666, 0.5787037037037037, 0.11979166666666667, 0.08333333333333333]",14,1
261,./unit1/camera_data/image_BS1_520_01_46_14.jpg,"[[121, 298, 263, 354]]","[0.2, 0.6037037037037037, 0.14791666666666667, 0.1037037037037037]",13,1
262,./unit1/camera_data/image_BS1_405_00_59_21.jpg,"[[301, 289, 419, 337]]","[0.375, 0.5796296296296296, 0.12291666666666666, 0.08888888888888889]",20,1
263,./unit1/camera_data/image_BS1_161_00_44_25.jpg,"[[696, 288, 925, 356]]","[0.8442708333333333, 0.5962962962962963, 0.23854166666666668, 0.1259259259259259]",50,1
264,./unit1/camera_data/image_BS1_206_00_47_25.jpg,"[[613, 282, 794, 342]]","[0.7328125, 0.5777777777777777, 0.18854166666666666, 0.1111111111111111]",45,1
265,./unit1/camera_data/image_BS1_7_00_37_03.jpg,"[[776, 286, 960, 361]]","[0.9041666666666667, 0.5990740740740741, 0.19166666666666668, 0.1388888888888889]",57,1
266,./unit1/camera_data/image_BS1_620_01_52_49.jpg,"[[222, 289, 334, 335]]","[0.28958333333333336, 0.5777777777777777, 0.11666666666666667, 0.08518518518518518]",15,1
267,./unit1/camera_data/image_BS1_397_00_59_20.jpg,"[[687, 291, 895, 352]]","[0.8239583333333333, 0.5953703703703703, 0.21666666666666667, 0.11296296296296296]",51,1
268,./unit1/camera_data/image_BS1_94_00_40_02.jpg,"[[82, 295, 176, 332]]","[0.134375, 0.5805555555555556, 0.09791666666666667, 0.06851851851851852]",7,1
271,./unit1/camera_data/image_BS1_798_02_06_50.jpg,"[[366, 299, 611, 395]]","[0.5088541666666667, 0.6425925925925926, 0.2552083333333333, 0.17777777777777778]",29,1
272,./unit1/camera_data/image_BS1_166_00_44_25.jpg,"[[396, 287, 550, 344]]","[0.49270833333333336, 0.5842592592592593, 0.16041666666666668, 0.10555555555555556]",28,1
274,./unit1/camera_data/image_BS1_253_00_50_49.jpg,"[[506, 283, 670, 342]]","[0.6125, 0.5787037037037037, 0.17083333333333334, 0.10925925925925926]",37,1
276,./unit1/camera_data/image_BS1_412_00_59_22.jpg,"[[74, 295, 165, 332]]","[0.12447916666666667, 0.5805555555555556, 0.09479166666666666, 0.06851851851851852]",8,1
277,./unit1/camera_data/image_BS1_153_00_43_42.jpg,"[[530, 296, 794, 389]]","[0.6895833333333333, 0.6342592592592593, 0.275, 0.17222222222222222]",42,1
278,./unit1/camera_data/image_BS1_475_01_43_01.jpg,"[[28, 295, 180, 357]]","[0.10833333333333334, 0.6037037037037037, 0.15833333333333333, 0.11481481481481481]",8,1
279,./unit1/camera_data/image_BS1_732_02_00_49.jpg,"[[29, 295, 125, 332]]","[0.08020833333333334, 0.5805555555555556, 0.1, 0.06851851851851852]",6,1
280,./unit1/camera_data/image_BS1_877_02_13_28.jpg,"[[571, 299, 843, 383]]","[0.7364583333333333, 0.6314814814814815, 0.2833333333333333, 0.15555555555555556]",46,1
282,./unit1/camera_data/image_BS1_591_01_51_15.jpg,"[[319, 289, 441, 336]]","[0.3958333333333333, 0.5787037037037037, 0.12708333333333333, 0.08703703703703704]",21,1
283,./unit1/camera_data/image_BS1_129_00_42_38.jpg,"[[224, 288, 344, 335]]","[0.29583333333333334, 0.5768518518518518, 0.125, 0.08703703703703704]",15,1
284,./unit1/camera_data/image_BS1_843_02_10_39.jpg,"[[49, 297, 141, 332]]","[0.09895833333333333, 0.5824074074074074, 0.09583333333333334, 0.06481481481481481]",8,1
286,./unit1/camera_data/image_BS1_346_00_56_05.jpg,"[[139, 292, 238, 332]]","[0.19635416666666666, 0.5777777777777777, 0.103125, 0.07407407407407407]",11,1
287,./unit1/camera_data/image_BS1_371_00_57_46.jpg,"[[117, 292, 209, 332]]","[0.16979166666666667, 0.5777777777777777, 0.09583333333333334, 0.07407407407407407]",9,1
288,./unit1/camera_data/image_BS1_904_02_15_22.jpg,"[[761, 285, 960, 347]]","[0.8963541666666667, 0.5851851851851851, 0.20729166666666668, 0.11481481481481481]",51,1
289,./unit1/camera_data/image_BS1_25_00_37_05.jpg,"[[428, 284, 587, 343]]","[0.5286458333333334, 0.5805555555555556, 0.165625, 0.10925925925925926]",33,1
290,./unit1/camera_data/image_BS1_814_02_07_24.jpg,"[[94, 293, 187, 331]]","[0.14635416666666667, 0.5777777777777777, 0.096875, 0.07037037037037037]",8,1
291,./unit1/camera_data/image_BS1_449_01_41_57.jpg,"[[635, 291, 836, 353]]","[0.7661458333333333, 0.5962962962962963, 0.209375, 0.11481481481481481]",48,1
292,./unit1/camera_data/image_BS1_545_01_47_44.jpg,"[[649, 278, 930, 379]]","[0.8223958333333333, 0.6083333333333333, 0.29270833333333335, 0.18703703703703703]",54,1
294,./unit1/camera_data/image_BS1_723_02_00_47.jpg,"[[754, 286, 960, 355]]","[0.8927083333333333, 0.5935185185185186, 0.21458333333333332, 0.12777777777777777]",53,1
296,./unit1/camera_data/image_BS1_684_01_57_42.jpg,"[[113, 295, 212, 332]]","[0.16927083333333334, 0.5805555555555556, 0.103125, 0.06851851851851852]",9,1
298,./unit1/camera_data/image_BS1_835_02_10_04.jpg,"[[266, 304, 451, 374]]","[0.3734375, 0.6277777777777778, 0.19270833333333334, 0.12962962962962962]",22,1
302,./unit1/camera_data/image_BS1_19_00_37_04.jpg,"[[520, 284, 694, 345]]","[0.6322916666666667, 0.5824074074074074, 0.18125, 0.11296296296296296]",39,1
303,./unit1/camera_data/image_BS1_681_01_57_41.jpg,"[[370, 286, 510, 336]]","[0.4583333333333333, 0.575925925925926, 0.14583333333333334, 0.09259259259259259]",26,1
304,./unit1/camera_data/image_BS1_897_02_14_52.jpg,"[[4, 297, 119, 347]]","[0.0640625, 0.5962962962962963, 0.11979166666666667, 0.09259259259259259]",7,1
305,./unit1/camera_data/image_BS1_104_00_41_01.jpg,"[[3, 298, 123, 351]]","[0.065625, 0.600925925925926, 0.125, 0.09814814814814815]",4,1
306,./unit1/camera_data/image_BS1_82_00_40_00.jpg,"[[565, 283, 738, 342]]","[0.6786458333333333, 0.5787037037037037, 0.18020833333333333, 0.10925925925925926]",42,1
308,./unit1/camera_data/image_BS1_340_00_56_04.jpg,"[[318, 290, 433, 337]]","[0.39114583333333336, 0.5805555555555556, 0.11979166666666667, 0.08703703703703704]",23,1
309,./unit1/camera_data/image_BS1_382_00_58_48.jpg,"[[65, 298, 198, 351]]","[0.13697916666666668, 0.600925925925926, 0.13854166666666667, 0.09814814814814815]",7,1
310,./unit1/camera_data/image_BS1_481_01_43_30.jpg,"[[755, 285, 960, 355]]","[0.8932291666666666, 0.5925925925925926, 0.21354166666666666, 0.12962962962962962]",54,1
311,./unit1/camera_data/image_BS1_562_01_49_39.jpg,"[[620, 283, 807, 340]]","[0.7432291666666667, 0.5768518518518518, 0.19479166666666667, 0.10555555555555556]",46,1
314,./unit1/camera_data/image_BS1_596_01_51_16.jpg,"[[101, 297, 198, 334]]","[0.15572916666666667, 0.5842592592592593, 0.10104166666666667, 0.06851851851851852]",9,1
315,./unit1/camera_data/image_BS1_256_00_50_50.jpg,"[[350, 287, 489, 339]]","[0.43697916666666664, 0.5796296296296296, 0.14479166666666668, 0.0962962962962963]",25,1
316,./unit1/camera_data/image_BS1_528_01_46_45.jpg,"[[349, 288, 598, 383]]","[0.49322916666666666, 0.6212962962962963, 0.259375, 0.17592592592592593]",27,1
317,./unit1/camera_data/image_BS1_668_01_57_04.jpg,"[[6, 301, 142, 355]]","[0.07708333333333334, 0.6074074074074074, 0.14166666666666666, 0.1]",4,1
319,./unit1/camera_data/image_BS1_542_01_47_43.jpg,"[[133, 299, 298, 361]]","[0.22447916666666667, 0.6111111111111112, 0.171875, 0.11481481481481481]",13,1
320,./unit1/camera_data/image_BS1_558_01_49_08.jpg,"[[54, 300, 199, 358]]","[0.13177083333333334, 0.6092592592592593, 0.15104166666666666, 0.10740740740740741]",9,1
321,./unit1/camera_data/image_BS1_590_01_51_15.jpg,"[[366, 286, 512, 337]]","[0.45729166666666665, 0.5768518518518518, 0.15208333333333332, 0.09444444444444444]",26,1
322,./unit1/camera_data/image_BS1_209_00_47_26.jpg,"[[347, 288, 471, 339]]","[0.42604166666666665, 0.5805555555555556, 0.12916666666666668, 0.09444444444444444]",23,1
323,./unit1/camera_data/image_BS1_642_01_54_22.jpg,"[[363, 287, 499, 336]]","[0.44895833333333335, 0.5768518518518518, 0.14166666666666666, 0.09074074074074075]",26,1
324,./unit1/camera_data/image_BS1_911_02_15_24.jpg,"[[151, 293, 257, 335]]","[0.2125, 0.5814814814814815, 0.11041666666666666, 0.07777777777777778]",11,1
326,./unit1/camera_data/image_BS1_281_00_51_49.jpg,"[[574, 277, 850, 371]]","[0.7416666666666667, 0.6, 0.2875, 0.17407407407407408]",48,1
327,./unit1/camera_data/image_BS1_614_01_52_47.jpg,"[[782, 285, 960, 350]]","[0.9072916666666667, 0.5879629629629629, 0.18541666666666667, 0.12037037037037036]",55,1
331,./unit1/camera_data/image_BS1_541_01_47_43.jpg,"[[92, 301, 240, 359]]","[0.17291666666666666, 0.6111111111111112, 0.15416666666666667, 0.10740740740740741]",11,1
332,./unit1/camera_data/image_BS1_508_01_45_16.jpg,"[[547, 285, 718, 336]]","[0.6588541666666666, 0.575, 0.178125, 0.09444444444444444]",39,1
333,./unit1/camera_data/image_BS1_125_00_42_37.jpg,"[[375, 287, 522, 336]]","[0.4671875, 0.5768518518518518, 0.153125, 0.09074074074074075]",28,1
335,./unit1/camera_data/image_BS1_750_02_02_31.jpg,"[[131, 294, 237, 335]]","[0.19166666666666668, 0.5824074074074074, 0.11041666666666666, 0.07592592592592592]",10,1
336,./unit1/camera_data/image_BS1_113_00_41_02.jpg,"[[418, 301, 648, 380]]","[0.5552083333333333, 0.6305555555555555, 0.23958333333333334, 0.14629629629629629]",34,1
338,./unit1/camera_data/image_BS1_110_00_41_02.jpg,"[[240, 304, 422, 369]]","[0.34479166666666666, 0.6231481481481481, 0.18958333333333333, 0.12037037037037036]",20,1
339,./unit1/camera_data/image_BS1_391_00_58_49.jpg,"[[580, 277, 866, 371]]","[0.753125, 0.6, 0.29791666666666666, 0.17407407407407408]",49,1
340,./unit1/camera_data/image_BS1_612_01_52_16.jpg,"[[767, 294, 960, 394]]","[0.8994791666666667, 0.6370370370370371, 0.20104166666666667, 0.18518518518518517]",59,1
342,./unit1/camera_data/image_BS1_858_02_12_20.jpg,"[[633, 280, 831, 340]]","[0.7625, 0.5740740740740741, 0.20625, 0.1111111111111111]",48,1
343,./unit1/camera_data/image_BS1_757_02_03_30.jpg,"[[30, 298, 157, 350]]","[0.09739583333333333, 0.6, 0.13229166666666667, 0.0962962962962963]",6,1
344,./unit1/camera_data/image_BS1_592_01_51_15.jpg,"[[283, 289, 402, 336]]","[0.3567708333333333, 0.5787037037037037, 0.12395833333333334, 0.08703703703703704]",18,1
345,./unit1/camera_data/image_BS1_115_00_41_02.jpg,"[[590, 275, 893, 371]]","[0.7723958333333333, 0.5981481481481481, 0.315625, 0.17777777777777778]",50,1
346,./unit1/camera_data/image_BS1_12_00_37_03.jpg,"[[661, 290, 873, 353]]","[0.7989583333333333, 0.5953703703703703, 0.22083333333333333, 0.11666666666666667]",50,1
347,./unit1/camera_data/image_BS1_451_01_41_58.jpg,"[[537, 284, 710, 343]]","[0.6494791666666667, 0.5805555555555556, 0.18020833333333333, 0.10925925925925926]",39,1
350,./unit1/camera_data/image_BS1_384_00_58_48.jpg,"[[144, 297, 293, 357]]","[0.22760416666666666, 0.6055555555555555, 0.15520833333333334, 0.1111111111111111]",14,1
352,./unit1/camera_data/image_BS1_883_02_13_56.jpg,"[[590, 283, 768, 337]]","[0.7072916666666667, 0.5740740740740741, 0.18541666666666667, 0.1]",42,1
353,./unit1/camera_data/image_BS1_581_01_50_41.jpg,"[[128, 300, 296, 364]]","[0.22083333333333333, 0.6148148148148148, 0.175, 0.11851851851851852]",12,1
354,./unit1/camera_data/image_BS1_715_02_00_16.jpg,"[[1, 299, 99, 348]]","[0.052083333333333336, 0.5990740740740741, 0.10208333333333333, 0.09074074074074075]",6,1
355,./unit1/camera_data/image_BS1_770_02_04_07.jpg,"[[410, 286, 550, 336]]","[0.5, 0.575925925925926, 0.14583333333333334, 0.09259259259259259]",29,1
356,./unit1/camera_data/image_BS1_211_00_47_26.jpg,"[[235, 290, 351, 335]]","[0.30520833333333336, 0.5787037037037037, 0.12083333333333333, 0.08333333333333333]",17,1
357,./unit1/camera_data/image_BS1_716_02_00_16.jpg,"[[31, 298, 157, 350]]","[0.09791666666666667, 0.6, 0.13125, 0.0962962962962963]",6,1
358,./unit1/camera_data/image_BS1_635_01_53_51.jpg,"[[512, 295, 759, 380]]","[0.6619791666666667, 0.625, 0.25729166666666664, 0.1574074074074074]",39,1
359,./unit1/camera_data/image_BS1_210_00_47_26.jpg,"[[281, 288, 408, 339]]","[0.35885416666666664, 0.5805555555555556, 0.13229166666666667, 0.09444444444444444]",20,1
360,./unit1/camera_data/image_BS1_649_01_54_23.jpg,"[[129, 295, 226, 332]]","[0.18489583333333334, 0.5805555555555556, 0.10104166666666667, 0.06851851851851852]",11,1
361,./unit1/camera_data/image_BS1_745_02_02_30.jpg,"[[351, 286, 490, 339]]","[0.43802083333333336, 0.5787037037037037, 0.14479166666666668, 0.09814814814814815]",26,1
362,./unit1/camera_data/image_BS1_656_01_55_55.jpg,"[[614, 283, 803, 341]]","[0.7380208333333333, 0.5777777777777777, 0.196875, 0.10740740740740741]",46,1
364,./unit1/camera_data/image_BS1_909_02_15_23.jpg,"[[224, 290, 345, 336]]","[0.29635416666666664, 0.5796296296296296, 0.12604166666666666, 0.08518518518518518]",14,1
365,./unit1/camera_data/image_BS1_390_00_58_49.jpg,"[[513, 296, 767, 382]]","[0.6666666666666666, 0.6277777777777778, 0.26458333333333334, 0.15925925925925927]",42,1
366,./unit1/camera_data/image_BS1_595_01_51_16.jpg,"[[125, 295, 227, 334]]","[0.18333333333333332, 0.5824074074074074, 0.10625, 0.07222222222222222]",10,1
367,./unit1/camera_data/image_BS1_16_00_37_04.jpg,"[[574, 285, 759, 344]]","[0.6942708333333333, 0.5824074074074074, 0.19270833333333334, 0.10925925925925926]",45,1
368,./unit1/camera_data/image_BS1_4_00_37_02.jpg,"[[832, 274, 960, 347]]","[0.9333333333333333, 0.575, 0.13333333333333333, 0.13518518518518519]",60,1
369,./unit1/camera_data/image_BS1_432_01_01_01.jpg,"[[373, 286, 495, 335]]","[0.45208333333333334, 0.575, 0.12708333333333333, 0.09074074074074075]",27,1
373,./unit1/camera_data/image_BS1_435_01_01_01.jpg,"[[264, 288, 378, 333]]","[0.334375, 0.575, 0.11875, 0.08333333333333333]",18,1
374,./unit1/camera_data/image_BS1_255_00_50_49.jpg,"[[397, 285, 541, 339]]","[0.48854166666666665, 0.5777777777777777, 0.15, 0.1]",28,1
376,./unit1/camera_data/image_BS1_472_01_43_00.jpg,"[[68, 288, 176, 332]]","[0.12708333333333333, 0.5740740740740741, 0.1125, 0.08148148148148149]",2,1
378,./unit1/camera_data/image_BS1_379_00_58_47.jpg,"[[3, 296, 69, 346]]","[0.0375, 0.5944444444444444, 0.06875, 0.09259259259259259]",5,1
379,./unit1/camera_data/image_BS1_806_02_07_22.jpg,"[[650, 281, 837, 339]]","[0.7744791666666667, 0.5740740740740741, 0.19479166666666667, 0.10740740740740741]",48,1
380,./unit1/camera_data/image_BS1_10_00_37_03.jpg,"[[701, 287, 935, 354]]","[0.8520833333333333, 0.5935185185185186, 0.24375, 0.12407407407407407]",52,1
381,./unit1/camera_data/image_BS1_282_00_51_49.jpg,"[[776, 292, 960, 391]]","[0.9041666666666667, 0.6324074074074074, 0.19166666666666668, 0.18333333333333332]",59,1
382,./unit1/camera_data/image_BS1_23_00_37_05.jpg,"[[456, 286, 622, 343]]","[0.5614583333333333, 0.5824074074074074, 0.17291666666666666, 0.10555555555555556]",34,1
383,./unit1/camera_data/image_BS1_411_00_59_22.jpg,"[[98, 295, 193, 333]]","[0.1515625, 0.5814814814814815, 0.09895833333333333, 0.07037037037037037]",8,1
384,./unit1/camera_data/image_BS1_254_00_50_49.jpg,"[[448, 283, 604, 339]]","[0.5479166666666667, 0.575925925925926, 0.1625, 0.1037037037037037]",33,1
385,./unit1/camera_data/image_BS1_643_01_54_22.jpg,"[[322, 289, 445, 335]]","[0.39947916666666666, 0.5777777777777777, 0.128125, 0.08518518518518518]",23,1
387,./unit1/camera_data/image_BS1_901_02_14_53.jpg,"[[352, 303, 551, 371]]","[0.4703125, 0.6240740740740741, 0.20729166666666668, 0.1259259259259259]",28,1
388,./unit1/camera_data/image_BS1_849_02_11_48.jpg,"[[23, 298, 159, 352]]","[0.09479166666666666, 0.6018518518518519, 0.14166666666666666, 0.1]",6,1
389,./unit1/camera_data/image_BS1_395_00_59_20.jpg,"[[817, 272, 960, 341]]","[0.9255208333333333, 0.5675925925925925, 0.14895833333333333, 0.12777777777777777]",58,1
390,./unit1/camera_data/image_BS1_777_02_05_12.jpg,"[[117, 297, 266, 360]]","[0.19947916666666668, 0.6083333333333333, 0.15520833333333334, 0.11666666666666667]",13,1
391,./unit1/camera_data/image_BS1_236_00_49_59.jpg,"[[39, 299, 177, 356]]","[0.1125, 0.6064814814814815, 0.14375, 0.10555555555555556]",8,1
392,./unit1/camera_data/image_BS1_270_00_51_47.jpg,"[[3, 297, 84, 348]]","[0.0453125, 0.5972222222222222, 0.084375, 0.09444444444444444]",4,1
393,./unit1/camera_data/image_BS1_114_00_41_02.jpg,"[[502, 297, 759, 385]]","[0.6567708333333333, 0.6314814814814815, 0.2677083333333333, 0.16296296296296298]",42,1
394,./unit1/camera_data/image_BS1_503_01_44_44.jpg,"[[576, 278, 860, 368]]","[0.7479166666666667, 0.5981481481481481, 0.29583333333333334, 0.16666666666666666]",49,1
395,./unit1/camera_data/image_BS1_460_01_41_59.jpg,"[[146, 288, 256, 336]]","[0.209375, 0.5777777777777777, 0.11458333333333333, 0.08888888888888889]",11,1
397,./unit1/camera_data/image_BS1_339_00_56_04.jpg,"[[352, 287, 482, 337]]","[0.434375, 0.5777777777777777, 0.13541666666666666, 0.09259259259259259]",25,1
398,./unit1/camera_data/image_BS1_217_00_48_28.jpg,"[[117, 298, 268, 361]]","[0.20052083333333334, 0.6101851851851852, 0.15729166666666666, 0.11666666666666667]",11,1
400,./unit1/camera_data/image_BS1_780_02_05_13.jpg,"[[606, 280, 916, 376]]","[0.7927083333333333, 0.6074074074074074, 0.3229166666666667, 0.17777777777777778]",51,1
401,./unit1/camera_data/image_BS1_174_00_45_51.jpg,"[[659, 281, 854, 341]]","[0.7880208333333333, 0.575925925925926, 0.203125, 0.1111111111111111]",50,1
403,./unit1/camera_data/image_BS1_742_02_02_30.jpg,"[[511, 284, 689, 341]]","[0.625, 0.5787037037037037, 0.18541666666666667, 0.10555555555555556]",38,1
404,./unit1/camera_data/image_BS1_594_01_51_15.jpg,"[[146, 292, 256, 334]]","[0.209375, 0.5796296296296296, 0.11458333333333333, 0.07777777777777778]",10,1
405,./unit1/camera_data/image_BS1_332_00_56_03.jpg,"[[731, 287, 954, 352]]","[0.8776041666666666, 0.5916666666666667, 0.23229166666666667, 0.12037037037037036]",51,1
406,./unit1/camera_data/image_BS1_89_00_40_01.jpg,"[[206, 291, 321, 335]]","[0.27447916666666666, 0.5796296296296296, 0.11979166666666667, 0.08148148148148149]",16,1
407,./unit1/camera_data/image_BS1_608_01_52_15.jpg,"[[364, 302, 581, 378]]","[0.4921875, 0.6296296296296297, 0.22604166666666667, 0.14074074074074075]",29,1
408,./unit1/camera_data/image_BS1_221_00_48_29.jpg,"[[520, 295, 790, 391]]","[0.6822916666666666, 0.6351851851851852, 0.28125, 0.17777777777777778]",42,1
410,./unit1/camera_data/image_BS1_701_01_59_18.jpg,"[[432, 284, 577, 336]]","[0.5255208333333333, 0.5740740740740741, 0.15104166666666666, 0.0962962962962963]",32,1
411,./unit1/camera_data/image_BS1_599_01_51_16.jpg,"[[33, 299, 124, 332]]","[0.08177083333333333, 0.5842592592592593, 0.09479166666666666, 0.06111111111111111]",6,1
413,./unit1/camera_data/image_BS1_109_00_41_02.jpg,"[[165, 297, 323, 359]]","[0.25416666666666665, 0.6074074074074074, 0.16458333333333333, 0.11481481481481481]",17,1
414,./unit1/camera_data/image_BS1_788_02_05_44.jpg,"[[154, 293, 263, 334]]","[0.2171875, 0.5805555555555556, 0.11354166666666667, 0.07592592592592592]",13,1
416,./unit1/camera_data/image_BS1_146_00_43_41.jpg,"[[141, 297, 294, 358]]","[0.2265625, 0.6064814814814815, 0.159375, 0.11296296296296296]",13,1
417,./unit1/camera_data/image_BS1_836_02_10_04.jpg,"[[330, 306, 541, 379]]","[0.45364583333333336, 0.6342592592592593, 0.21979166666666666, 0.13518518518518519]",28,1
418,./unit1/camera_data/image_BS1_344_00_56_05.jpg,"[[193, 289, 316, 333]]","[0.26510416666666664, 0.575925925925926, 0.128125, 0.08148148148148149]",13,1
419,./unit1/camera_data/image_BS1_271_00_51_47.jpg,"[[14, 296, 140, 351]]","[0.08020833333333334, 0.5990740740740741, 0.13125, 0.10185185185185185]",5,1
421,./unit1/camera_data/image_BS1_908_02_15_23.jpg,"[[266, 290, 380, 335]]","[0.33645833333333336, 0.5787037037037037, 0.11875, 0.08333333333333333]",17,1
422,./unit1/camera_data/image_BS1_486_01_43_31.jpg,"[[279, 289, 399, 335]]","[0.353125, 0.5777777777777777, 0.125, 0.08518518518518518]",18,1
423,./unit1/camera_data/image_BS1_807_02_07_23.jpg,"[[590, 282, 768, 339]]","[0.7072916666666667, 0.575, 0.18541666666666667, 0.10555555555555556]",42,1
424,./unit1/camera_data/image_BS1_450_01_41_58.jpg,"[[574, 285, 757, 343]]","[0.6932291666666667, 0.5814814814814815, 0.190625, 0.10740740740740741]",42,1
426,./unit1/camera_data/image_BS1_147_00_43_41.jpg,"[[183, 298, 347, 360]]","[0.2760416666666667, 0.6092592592592593, 0.17083333333333334, 0.11481481481481481]",17,1
427,./unit1/camera_data/image_BS1_333_00_56_03.jpg,"[[644, 282, 830, 339]]","[0.7677083333333333, 0.575, 0.19375, 0.10555555555555556]",48,1
428,./unit1/camera_data/image_BS1_900_02_14_53.jpg,"[[223, 296, 386, 354]]","[0.3171875, 0.6018518518518519, 0.16979166666666667, 0.10740740740740741]",20,1
430,./unit1/camera_data/image_BS1_261_00_50_50.jpg,"[[177, 288, 290, 335]]","[0.24322916666666666, 0.5768518518518518, 0.11770833333333333, 0.08703703703703704]",14,1
431,./unit1/camera_data/image_BS1_861_02_12_20.jpg,"[[379, 286, 528, 338]]","[0.47239583333333335, 0.5777777777777777, 0.15520833333333334, 0.0962962962962963]",27,1
433,./unit1/camera_data/image_BS1_824_02_09_03.jpg,"[[235, 290, 347, 334]]","[0.303125, 0.5777777777777777, 0.11666666666666667, 0.08148148148148149]",17,1
436,./unit1/camera_data/image_BS1_647_01_54_23.jpg,"[[185, 290, 292, 333]]","[0.2484375, 0.5768518518518518, 0.11145833333333334, 0.07962962962962963]",12,1
437,./unit1/camera_data/image_BS1_165_00_44_25.jpg,"[[438, 284, 606, 344]]","[0.54375, 0.5814814814814815, 0.175, 0.1111111111111111]",33,1
438,./unit1/camera_data/image_BS1_674_01_57_05.jpg,"[[609, 280, 925, 381]]","[0.7989583333333333, 0.612037037037037, 0.32916666666666666, 0.18703703703703703]",51,1
439,./unit1/camera_data/image_BS1_602_01_52_14.jpg,"[[6, 298, 129, 351]]","[0.0703125, 0.600925925925926, 0.128125, 0.09814814814814815]",6,1
440,./unit1/camera_data/image_BS1_857_02_12_19.jpg,"[[777, 285, 960, 350]]","[0.9046875, 0.5879629629629629, 0.190625, 0.12037037037037036]",55,1
441,./unit1/camera_data/image_BS1_747_02_02_30.jpg,"[[265, 289, 382, 335]]","[0.33697916666666666, 0.5777777777777777, 0.121875, 0.08518518518518518]",19,1
443,./unit1/camera_data/image_BS1_307_00_54_09.jpg,"[[814, 261, 960, 393]]","[0.9239583333333333, 0.6055555555555555, 0.15208333333333332, 0.24444444444444444]",9,1
444,./unit1/camera_data/image_BS1_664_01_55_58.jpg,"[[5, 298, 88, 332]]","[0.0484375, 0.5833333333333334, 0.08645833333333333, 0.06296296296296296]",4,1
445,./unit1/camera_data/image_BS1_362_00_57_45.jpg,"[[416, 284, 561, 339]]","[0.5088541666666667, 0.5768518518518518, 0.15104166666666666, 0.10185185185185185]",28,1
446,./unit1/camera_data/image_BS1_478_01_43_01.jpg,"[[388, 297, 608, 382]]","[0.51875, 0.6287037037037037, 0.22916666666666666, 0.1574074074074074]",32,1
447,./unit1/camera_data/image_BS1_365_00_57_45.jpg,"[[291, 290, 410, 337]]","[0.3651041666666667, 0.5805555555555556, 0.12395833333333334, 0.08703703703703704]",20,1
448,./unit1/camera_data/image_BS1_631_01_53_51.jpg,"[[221, 297, 384, 360]]","[0.3151041666666667, 0.6083333333333333, 0.16979166666666667, 0.11666666666666667]",18,1
450,./unit1/camera_data/image_BS1_404_00_59_21.jpg,"[[342, 288, 465, 337]]","[0.4203125, 0.5787037037037037, 0.128125, 0.09074074074074075]",23,1
451,./unit1/camera_data/image_BS1_426_01_01_00.jpg,"[[624, 283, 803, 337]]","[0.7432291666666667, 0.5740740740740741, 0.18645833333333334, 0.1]",46,1
452,./unit1/camera_data/image_BS1_751_02_02_31.jpg,"[[95, 295, 194, 334]]","[0.15052083333333333, 0.5824074074074074, 0.103125, 0.07222222222222222]",9,1
454,./unit1/camera_data/image_BS1_228_00_49_01.jpg,"[[320, 288, 456, 339]]","[0.4041666666666667, 0.5805555555555556, 0.14166666666666666, 0.09444444444444444]",21,1
456,./unit1/camera_data/image_BS1_778_02_05_12.jpg,"[[476, 299, 728, 386]]","[0.6270833333333333, 0.6342592592592593, 0.2625, 0.16111111111111112]",38,1
457,./unit1/camera_data/image_BS1_128_00_42_38.jpg,"[[263, 289, 381, 334]]","[0.33541666666666664, 0.5768518518518518, 0.12291666666666666, 0.08333333333333333]",18,1
458,./unit1/camera_data/image_BS1_80_00_40_00.jpg,"[[722, 287, 939, 353]]","[0.8651041666666667, 0.5925925925925926, 0.22604166666666667, 0.12222222222222222]",51,1
459,./unit1/camera_data/image_BS1_698_01_59_17.jpg,"[[874, 282, 957, 343]]","[0.9536458333333333, 0.5787037037037037, 0.08645833333333333, 0.11296296296296296]",60,1
461,./unit1/camera_data/image_BS1_121_00_42_37.jpg,"[[643, 281, 835, 340]]","[0.7697916666666667, 0.575, 0.2, 0.10925925925925926]",48,1
462,./unit1/camera_data/image_BS1_498_01_44_43.jpg,"[[64, 297, 202, 352]]","[0.13854166666666667, 0.600925925925926, 0.14375, 0.10185185185185185]",8,1
463,./unit1/camera_data/image_BS1_648_01_54_23.jpg,"[[155, 294, 256, 333]]","[0.2140625, 0.5805555555555556, 0.10520833333333333, 0.07222222222222222]",11,1
465,./unit1/camera_data/image_BS1_680_01_57_41.jpg,"[[466, 286, 627, 337]]","[0.5692708333333333, 0.5768518518518518, 0.16770833333333332, 0.09444444444444444]",34,1
466,./unit1/camera_data/image_BS1_569_01_49_41.jpg,"[[166, 294, 271, 334]]","[0.22760416666666666, 0.5814814814814815, 0.109375, 0.07407407407407407]",12,1
467,./unit1/camera_data/image_BS1_212_00_47_27.jpg,"[[198, 290, 318, 335]]","[0.26875, 0.5787037037037037, 0.125, 0.08333333333333333]",14,1
468,./unit1/camera_data/image_BS1_359_00_57_44.jpg,"[[567, 284, 743, 341]]","[0.6822916666666666, 0.5787037037037037, 0.18333333333333332, 0.10555555555555556]",42,1
469,./unit1/camera_data/image_BS1_533_01_46_47.jpg,"[[55, 296, 153, 332]]","[0.10833333333333334, 0.5814814814814815, 0.10208333333333333, 0.06666666666666667]",7,1
470,./unit1/camera_data/image_BS1_78_00_39_59.jpg,"[[851, 275, 959, 342]]","[0.9427083333333334, 0.5712962962962963, 0.1125, 0.12407407407407407]",60,1
471,./unit1/camera_data/image_BS1_886_02_13_56.jpg,"[[392, 282, 530, 335]]","[0.48020833333333335, 0.5712962962962963, 0.14375, 0.09814814814814815]",28,1
473,./unit1/camera_data/image_BS1_145_00_43_41.jpg,"[[115, 298, 261, 357]]","[0.19583333333333333, 0.6064814814814815, 0.15208333333333332, 0.10925925925925926]",11,1
474,./unit1/camera_data/image_BS1_738_02_01_58.jpg,"[[420, 299, 646, 379]]","[0.5552083333333333, 0.6277777777777778, 0.23541666666666666, 0.14814814814814814]",41,1
475,./unit1/camera_data/image_BS1_804_02_07_22.jpg,"[[877, 283, 959, 342]]","[0.95625, 0.5787037037037037, 0.08541666666666667, 0.10925925925925926]",62,1
476,./unit1/camera_data/image_BS1_218_00_48_28.jpg,"[[183, 298, 356, 364]]","[0.28072916666666664, 0.6129629629629629, 0.18020833333333333, 0.12222222222222222]",17,1
477,./unit1/camera_data/image_BS1_768_02_04_06.jpg,"[[617, 283, 803, 337]]","[0.7395833333333334, 0.5740740740740741, 0.19375, 0.1]",45,1
479,./unit1/camera_data/image_BS1_396_00_59_20.jpg,"[[762, 286, 960, 351]]","[0.896875, 0.5898148148148148, 0.20625, 0.12037037037037036]",55,1
480,./unit1/camera_data/image_BS1_501_01_44_44.jpg,"[[325, 302, 515, 375]]","[0.4375, 0.6268518518518519, 0.19791666666666666, 0.13518518518518519]",26,1
481,./unit1/camera_data/image_BS1_906_02_15_23.jpg,"[[360, 286, 502, 337]]","[0.44895833333333335, 0.5768518518518518, 0.14791666666666667, 0.09444444444444444]",26,1
482,./unit1/camera_data/image_BS1_598_01_51_16.jpg,"[[53, 297, 148, 332]]","[0.1046875, 0.5824074074074074, 0.09895833333333333, 0.06481481481481481]",6,1
484,./unit1/camera_data/image_BS1_408_00_59_22.jpg,"[[206, 291, 320, 335]]","[0.27395833333333336, 0.5796296296296296, 0.11875, 0.08148148148148149]",14,1
485,./unit1/camera_data/image_BS1_853_02_11_50.jpg,"[[447, 298, 678, 378]]","[0.5859375, 0.6259259259259259, 0.240625, 0.14814814814814814]",37,1
486,./unit1/camera_data/image_BS1_163_00_44_25.jpg,"[[545, 286, 725, 346]]","[0.6614583333333334, 0.5851851851851851, 0.1875, 0.1111111111111111]",39,1
488,./unit1/camera_data/image_BS1_425_01_01_00.jpg,"[[673, 280, 862, 337]]","[0.7994791666666666, 0.5712962962962963, 0.196875, 0.10555555555555556]",51,1
489,./unit1/camera_data/image_BS1_872_02_13_27.jpg,"[[118, 298, 266, 353]]","[0.2, 0.6027777777777777, 0.15416666666666667, 0.10185185185185185]",13,1
490,./unit1/camera_data/image_BS1_162_00_44_25.jpg,"[[607, 291, 790, 356]]","[0.7276041666666667, 0.5990740740740741, 0.190625, 0.12037037037037036]",45,1
491,./unit1/camera_data/image_BS1_454_01_41_58.jpg,"[[396, 286, 548, 340]]","[0.49166666666666664, 0.5796296296296296, 0.15833333333333333, 0.1]",29,1
494,./unit1/camera_data/image_BS1_20_00_37_04.jpg,"[[504, 283, 675, 344]]","[0.6140625, 0.5805555555555556, 0.178125, 0.11296296296296296]",39,1
496,./unit1/camera_data/image_BS1_758_02_03_30.jpg,"[[88, 298, 232, 353]]","[0.16666666666666666, 0.6027777777777777, 0.15, 0.10185185185185185]",10,1
497,./unit1/camera_data/image_BS1_367_00_57_45.jpg,"[[228, 289, 347, 335]]","[0.2994791666666667, 0.5777777777777777, 0.12395833333333334, 0.08518518518518518]",17,1
498,./unit1/camera_data/image_BS1_445_01_41_57.jpg,"[[846, 273, 960, 349]]","[0.940625, 0.575925925925926, 0.11875, 0.14074074074074075]",63,1
499,./unit1/camera_data/image_BS1_860_02_12_20.jpg,"[[445, 283, 606, 338]]","[0.5473958333333333, 0.575, 0.16770833333333332, 0.10185185185185185]",32,1
500,./unit1/camera_data/image_BS1_13_00_37_03.jpg,"[[639, 290, 848, 353]]","[0.7744791666666667, 0.5953703703703703, 0.21770833333333334, 0.11666666666666667]",48,1
501,./unit1/camera_data/image_BS1_462_01_42_00.jpg,"[[100, 295, 200, 334]]","[0.15625, 0.5824074074074074, 0.10416666666666667, 0.07222222222222222]",8,1
502,./unit1/camera_data/image_BS1_463_01_42_00.jpg,"[[80, 295, 179, 333]]","[0.13489583333333333, 0.5814814814814815, 0.103125, 0.07037037037037037]",8,1
503,./unit1/camera_data/image_BS1_360_00_57_44.jpg,"[[503, 283, 669, 342]]","[0.6104166666666667, 0.5787037037037037, 0.17291666666666666, 0.10925925925925926]",38,1
504,./unit1/camera_data/image_BS1_409_00_59_22.jpg,"[[176, 287, 304, 335]]","[0.25, 0.575925925925926, 0.13333333333333333, 0.08888888888888889]",13,1
505,./unit1/camera_data/image_BS1_26_00_37_05.jpg,"[[415, 282, 567, 343]]","[0.5114583333333333, 0.5787037037037037, 0.15833333333333333, 0.11296296296296296]",33,1
506,./unit1/camera_data/image_BS1_696_01_58_49.jpg,"[[444, 300, 676, 381]]","[0.5833333333333334, 0.6305555555555555, 0.24166666666666667, 0.15]",36,1
507,./unit1/camera_data/image_BS1_190_00_45_54.jpg,"[[703, 265, 931, 379]]","[0.8510416666666667, 0.5962962962962963, 0.2375, 0.2111111111111111]",6,1
509,./unit1/camera_data/image_BS1_39_00_37_07.jpg,"[[207, 288, 337, 337]]","[0.2833333333333333, 0.5787037037037037, 0.13541666666666666, 0.09074074074074075]",17,1
510,./unit1/camera_data/image_BS1_208_00_47_26.jpg,"[[416, 283, 563, 339]]","[0.5098958333333333, 0.575925925925926, 0.153125, 0.1037037037037037]",29,1
511,./unit1/camera_data/image_BS1_278_00_51_48.jpg,"[[335, 302, 534, 376]]","[0.45260416666666664, 0.6277777777777778, 0.20729166666666668, 0.13703703703703704]",27,1
514,./unit1/camera_data/image_BS1_644_01_54_22.jpg,"[[287, 292, 401, 335]]","[0.35833333333333334, 0.5805555555555556, 0.11875, 0.07962962962962963]",20,1
518,./unit1/camera_data/image_BS1_342_00_56_05.jpg,"[[254, 287, 370, 335]]","[0.325, 0.575925925925926, 0.12083333333333333, 0.08888888888888889]",17,1
519,./unit1/camera_data/image_BS1_584_01_50_41.jpg,"[[344, 304, 572, 385]]","[0.47708333333333336, 0.637962962962963, 0.2375, 0.15]",29,1
520,./unit1/camera_data/image_BS1_18_00_37_04.jpg,"[[534, 285, 712, 344]]","[0.6489583333333333, 0.5824074074074074, 0.18541666666666667, 0.10925925925925926]",42,1
521,./unit1/camera_data/image_BS1_148_00_43_41.jpg,"[[240, 305, 422, 370]]","[0.34479166666666666, 0.625, 0.18958333333333333, 0.12037037037037036]",18,1
524,./unit1/camera_data/image_BS1_662_01_55_57.jpg,"[[78, 296, 180, 334]]","[0.134375, 0.5833333333333334, 0.10625, 0.07037037037037037]",8,1
525,./unit1/camera_data/image_BS1_884_02_13_56.jpg,"[[520, 281, 678, 335]]","[0.6239583333333333, 0.5703703703703704, 0.16458333333333333, 0.1]",38,1
526,./unit1/camera_data/image_BS1_223_00_48_29.jpg,"[[727, 292, 960, 396]]","[0.8786458333333333, 0.6370370370370371, 0.24270833333333333, 0.1925925925925926]",55,1
528,./unit1/camera_data/image_BS1_597_01_51_16.jpg,"[[76, 296, 170, 332]]","[0.128125, 0.5814814814814815, 0.09791666666666667, 0.06666666666666667]",8,1
529,./unit1/camera_data/image_BS1_213_00_47_27.jpg,"[[164, 291, 268, 334]]","[0.225, 0.5787037037037037, 0.10833333333333334, 0.07962962962962963]",11,1
530,./unit1/camera_data/image_BS1_356_00_57_44.jpg,"[[769, 286, 960, 351]]","[0.9005208333333333, 0.5898148148148148, 0.19895833333333332, 0.12037037037037036]",55,1
531,./unit1/camera_data/image_BS1_718_02_00_16.jpg,"[[252, 303, 428, 367]]","[0.3541666666666667, 0.6203703703703703, 0.18333333333333332, 0.11851851851851852]",20,1
532,./unit1/camera_data/image_BS1_678_01_57_40.jpg,"[[646, 281, 835, 338]]","[0.7713541666666667, 0.5731481481481482, 0.196875, 0.10555555555555556]",48,1
534,./unit1/camera_data/image_BS1_657_01_55_56.jpg,"[[428, 285, 582, 339]]","[0.5260416666666666, 0.5777777777777777, 0.16041666666666668, 0.1]",31,1
535,./unit1/camera_data/image_BS1_638_01_54_21.jpg,"[[723, 288, 945, 350]]","[0.86875, 0.5907407407407408, 0.23125, 0.11481481481481481]",51,1
536,./unit1/camera_data/image_BS1_580_01_50_41.jpg,"[[70, 300, 222, 360]]","[0.15208333333333332, 0.6111111111111112, 0.15833333333333333, 0.1111111111111111]",9,1
537,./unit1/camera_data/image_BS1_902_02_14_53.jpg,"[[466, 294, 696, 376]]","[0.6052083333333333, 0.6203703703703703, 0.23958333333333334, 0.15185185185185185]",39,1
539,./unit1/camera_data/image_BS1_837_02_10_05.jpg,"[[494, 297, 759, 386]]","[0.6526041666666667, 0.6324074074074074, 0.2760416666666667, 0.1648148148148148]",40,1
541,./unit1/camera_data/image_BS1_779_02_05_13.jpg,"[[534, 276, 812, 372]]","[0.7010416666666667, 0.6, 0.28958333333333336, 0.17777777777777778]",46,1
543,./unit1/camera_data/image_BS1_17_00_37_04.jpg,"[[556, 286, 737, 345]]","[0.6734375, 0.5842592592592593, 0.18854166666666666, 0.10925925925925926]",42,1
546,./unit1/camera_data/image_BS1_890_02_13_57.jpg,"[[90, 295, 184, 329]]","[0.14270833333333333, 0.5777777777777777, 0.09791666666666667, 0.06296296296296296]",4,1
547,./unit1/camera_data/image_BS1_821_02_08_31.jpg,"[[348, 300, 555, 375]]","[0.4703125, 0.625, 0.215625, 0.1388888888888889]",28,1
548,./unit1/camera_data/image_BS1_578_01_50_40.jpg,"[[2, 302, 125, 356]]","[0.06614583333333333, 0.6092592592592593, 0.128125, 0.1]",4,1
549,./unit1/camera_data/image_BS1_658_01_55_56.jpg,"[[337, 288, 469, 337]]","[0.4197916666666667, 0.5787037037037037, 0.1375, 0.09074074074074075]",24,1
551,./unit1/camera_data/image_BS1_338_00_56_04.jpg,"[[386, 287, 527, 337]]","[0.47552083333333334, 0.5777777777777777, 0.146875, 0.09259259259259259]",28,1
552,./unit1/camera_data/image_BS1_632_01_53_51.jpg,"[[276, 302, 462, 370]]","[0.384375, 0.6222222222222222, 0.19375, 0.1259259259259259]",23,1
553,./unit1/camera_data/image_BS1_258_00_50_50.jpg,"[[270, 288, 394, 337]]","[0.3458333333333333, 0.5787037037037037, 0.12916666666666668, 0.09074074074074075]",20,1
554,./unit1/camera_data/image_BS1_27_00_37_05.jpg,"[[396, 285, 547, 343]]","[0.49114583333333334, 0.5814814814814815, 0.15729166666666666, 0.10740740740740741]",29,1
556,./unit1/camera_data/image_BS1_492_01_43_32.jpg,"[[11, 304, 117, 373]]","[0.06666666666666667, 0.6268518518518519, 0.11041666666666666, 0.12777777777777777]",6,1
557,./unit1/camera_data/image_BS1_419_01_00_26.jpg,"[[579, 278, 907, 376]]","[0.7739583333333333, 0.6055555555555555, 0.3416666666666667, 0.1814814814814815]",50,1
558,./unit1/camera_data/image_BS1_262_00_50_50.jpg,"[[150, 290, 253, 334]]","[0.20989583333333334, 0.5777777777777777, 0.10729166666666666, 0.08148148148148149]",9,1
559,./unit1/camera_data/image_BS1_38_00_37_06.jpg,"[[228, 290, 352, 337]]","[0.3020833333333333, 0.5805555555555556, 0.12916666666666668, 0.08703703703703704]",18,1
560,./unit1/camera_data/image_BS1_885_02_13_56.jpg,"[[450, 282, 602, 336]]","[0.5479166666666667, 0.5722222222222222, 0.15833333333333333, 0.1]",33,1
561,./unit1/camera_data/image_BS1_429_01_01_00.jpg,"[[517, 283, 669, 336]]","[0.6177083333333333, 0.5731481481481482, 0.15833333333333333, 0.09814814814814815]",38,1
563,./unit1/camera_data/image_BS1_887_02_13_56.jpg,"[[359, 285, 488, 336]]","[0.44114583333333335, 0.575, 0.134375, 0.09444444444444444]",18,1
564,./unit1/camera_data/image_BS1_826_02_09_04.jpg,"[[129, 294, 227, 333]]","[0.18541666666666667, 0.5805555555555556, 0.10208333333333333, 0.07222222222222222]",11,1
566,./unit1/camera_data/image_BS1_227_00_49_01.jpg,"[[526, 284, 695, 344]]","[0.6359375, 0.5814814814814815, 0.17604166666666668, 0.1111111111111111]",39,1
567,./unit1/camera_data/image_BS1_791_02_05_45.jpg,"[[3, 298, 83, 332]]","[0.04479166666666667, 0.5833333333333334, 0.08333333333333333, 0.06296296296296296]",4,1
569,./unit1/camera_data/image_BS1_566_01_49_40.jpg,"[[324, 288, 454, 336]]","[0.40520833333333334, 0.5777777777777777, 0.13541666666666666, 0.08888888888888889]",23,1
570,./unit1/camera_data/image_BS1_889_02_13_57.jpg,"[[190, 288, 316, 334]]","[0.2635416666666667, 0.575925925925926, 0.13125, 0.08518518518518518]",11,1
572,./unit1/camera_data/image_BS1_888_02_13_56.jpg,"[[246, 288, 362, 334]]","[0.31666666666666665, 0.575925925925926, 0.12083333333333333, 0.08518518518518518]",17,1
574,./unit1/camera_data/image_BS1_722_02_00_47.jpg,"[[815, 273, 960, 344]]","[0.9244791666666666, 0.5712962962962963, 0.15104166666666666, 0.13148148148148148]",59,1
575,./unit1/camera_data/image_BS1_173_00_45_51.jpg,"[[733, 288, 960, 354]]","[0.8817708333333333, 0.5944444444444444, 0.23645833333333333, 0.12222222222222222]",54,1
576,./unit1/camera_data/image_BS1_653_01_55_23.jpg,"[[395, 298, 608, 377]]","[0.5223958333333333, 0.625, 0.221875, 0.14629629629629629]",32,1
577,./unit1/camera_data/image_BS1_669_01_57_04.jpg,"[[91, 300, 239, 360]]","[0.171875, 0.6111111111111112, 0.15416666666666667, 0.1111111111111111]",11,1
579,./unit1/camera_data/image_BS1_132_00_42_38.jpg,"[[136, 292, 235, 331]]","[0.19322916666666667, 0.5768518518518518, 0.103125, 0.07222222222222222]",11,1
580,./unit1/camera_data/image_BS1_259_00_50_50.jpg,"[[234, 290, 350, 336]]","[0.30416666666666664, 0.5796296296296296, 0.12083333333333333, 0.08518518518518518]",16,1
581,./unit1/camera_data/image_BS1_659_01_55_56.jpg,"[[235, 291, 353, 335]]","[0.30625, 0.5796296296296296, 0.12291666666666666, 0.08148148148148149]",16,1
582,./unit1/camera_data/image_BS1_124_00_42_37.jpg,"[[430, 282, 583, 336]]","[0.5276041666666667, 0.5722222222222222, 0.159375, 0.1]",29,1
585,./unit1/camera_data/image_BS1_140_00_43_40.jpg,"[[2, 297, 75, 347]]","[0.04010416666666667, 0.5962962962962963, 0.07604166666666666, 0.09259259259259259]",4,1
587,./unit1/camera_data/image_BS1_172_00_45_51.jpg,"[[785, 285, 960, 353]]","[0.9088541666666666, 0.5907407407407408, 0.18229166666666666, 0.1259259259259259]",57,1
588,./unit1/camera_data/image_BS1_458_01_41_59.jpg,"[[219, 290, 331, 336]]","[0.2864583333333333, 0.5796296296296296, 0.11666666666666667, 0.08518518518518518]",14,1
589,./unit1/camera_data/image_BS1_892_02_13_57.jpg,"[[25, 297, 114, 331]]","[0.07239583333333334, 0.5814814814814815, 0.09270833333333334, 0.06296296296296296]",6,1
590,./unit1/camera_data/image_BS1_240_00_50_00.jpg,"[[271, 305, 460, 377]]","[0.3807291666666667, 0.6314814814814815, 0.196875, 0.13333333333333333]",20,1
591,./unit1/camera_data/image_BS1_784_02_05_43.jpg,"[[738, 289, 960, 353]]","[0.884375, 0.5944444444444444, 0.23125, 0.11851851851851852]",52,1
592,./unit1/camera_data/image_BS1_720_02_00_17.jpg,"[[503, 297, 749, 379]]","[0.6520833333333333, 0.6259259259259259, 0.25625, 0.15185185185185185]",44,1
593,./unit1/camera_data/image_BS1_9_00_37_03.jpg,"[[726, 287, 960, 356]]","[0.878125, 0.5953703703703703, 0.24375, 0.12777777777777777]",54,1
594,./unit1/camera_data/image_BS1_756_02_03_30.jpg,"[[1, 298, 111, 350]]","[0.058333333333333334, 0.6, 0.11458333333333333, 0.0962962962962963]",4,1
595,./unit1/camera_data/image_BS1_37_00_37_06.jpg,"[[244, 288, 372, 337]]","[0.32083333333333336, 0.5787037037037037, 0.13333333333333333, 0.09074074074074075]",19,1
596,./unit1/camera_data/image_BS1_507_01_45_16.jpg,"[[610, 283, 784, 338]]","[0.7260416666666667, 0.575, 0.18125, 0.10185185185185185]",46,1
